Position,Company,Date Applied,Status,Date Responded,Interview
Software Engineer,Discord,4/1/2024,No Answer,,
ull Stack Engineering Associate Director,S&P Global,5/9/2024,No Answer,,
Senior Full Stack Engineer I,Kooth USA,5/24/2024,No Answer,,
Sr/Lead/Principal Front-End Engineer ,Tripalink,5/31/2024,No Answer,,
Software Engineer,Hurricane Electric,5/31/2024,No Answer,,
Sr. Software Engineer,J. Morrisey,6/5/2024,No Answer,,
Sr. Software Developer,Swipejobs,6/6/2024,No Answer,,
Sr. Frontend Engineer,HashiCorp,6/7/2024,No Answer,,
Front End Engineer,Cisco Meraki,6/7/2024,Rejected,6/13/2024,
,Home Depot,6/10/2024,No Answer,,
,Medallion,6/10/2024,No Answer,,
"Sr. Staff Software Engineer, Frontend",Salesforce,6/10/2024,Rejected,6/12/2024,
Front End / Full Stack Developer,"Block, TIDAL",6/10/2024,No Answer,,
Software Engineer II,Quokka,6/10/2024,No Answer,,
Software Engineer,Common Room,6/10/2024,No Answer,,
Senior Web Software Engineer,Pinterest,6/10/2024,No Answer,,
Software Engineer II,Fanatics,6/11/2024,No Answer,,
Frontend Engineer,LeafLink,6/11/2024,No Answer,,
Frontend Software Engineer,Scribd,6/11/2024,No Answer,,
UI Engineer (L4),Netflix,6/12/2024,No Answer,,
Frontend Engineer,Veza,6/18/2024,No Answer,,
Frontend Engineer,Vercel,6/18/2024,No Answer,,
Software Engineer,Vercel,5/8/2024,No Answer,,
Frontend Engineer,ReadMe,6/19/2024,No Answer,,
Frontend Engineer,Cloudflare,6/19/2024,No Answer,,
Frontend Engineer,Cisco Meraki,6/19/2024,Rejected,6/28/2024,
Frontend Engineer,DoorDash,6/19/2024,No Answer,,
Web Developer,HealthFirst,6/20/2024,No Answer,,
Frontend Engineer,Airbnb,6/22/2024,No Answer,,
Senior Software Engineer,Microsoft,6/22/2024,Rejected,6/23/2024,
Software Engineer (L4),Netflix,6/22/2024,No Answer,,
,Dropbox,6/22/2024,No Answer,,
,Coinbase,6/22/2024,No Answer,,
Frontend Developer,Crate & Barrel,6/22/2024,No Answer,,
,Tenable,6/22/2024,No Answer,,
Software Engineer II,Github,6/22/2024,No Answer,,
Frontend Engineer,Stripe,7/1/2024,No Answer,,
Sr. Front End Software Engineer,Comcast,7/1/2024,No Answer,,
Frontend Engineer,Stripe,6/11/2024,No Answer,,
Full Stack Engineer,Stripe,6/11/2024,No Answer,,
Full Stack Engineer,Stripe,6/19/2024,No Answer,,
Software Engineer III,Flock Safety,6/10/2024,Rejected,6/18/2024,
Frontend Engineer,Tech Lead,,Rejected,6/21/2024,
Frontend Engineer,Reddit,6/11/2024,Rejected,6/14/2024,
Sr. Software Engineer,Domaintools,5/31/2024,Rejected,7/1/2024,
Software Engineer,Whatnot,6/10/2024,Rejected,6/14/2024,
,Automattic,6/11/2024,No Answer,,
Frontend Engineer,Gitlab,6/11/2024,Rejected,6/13/2024,
,Runway,6/11/2024,Rejected,6/16/2024,
Frontend Engineer,Squarepeg,6/11/2024,Rejected,6/21/2024,
Frontend Engineer,Adobe,6/22/2024,Rejected,7/5/2024,